Accession,Description,Sequence
QRI65840.1,QRI65840.1 aminotransferase class III-fold pyridoxal phosphate-dependent enzyme [Shinella sp. PSBB067],MVNAFIEGAAELDEATASMIAERKALLGPAYRLMYERPLHFVRGEGVWLYDPEGNAYLDAYNNVTSIGHCHPKVVEAIREQVGVLATNTRYLHAGVLSYARRLLATMPSEVEHLMFTCTGSDANDLAIRIAQAHTGGKGIIVTETAYHGITQAVSEFSPSLGENVNLGVHVRTVPAPDSYRSGNVAEEFTAAVKAAIADLQRHGIKPALFICDGLFASDGVFDGPAGFLKGAVDAIRAAGGVYIADEVQSGFGRTGEAMWGFQRHGVVPDLVTMGKPMGNGFPVAGVAARAELLAEFGKKARYFNTFGGNAVAVAAASAVLDVIEEENLLENARTIGLHLRQGFEALARTHPCIGDVRGAGLFLGVEIVSDRARKTPDGATATRIINGLRDENVLISGCAKAANVLKIRPPLVFSRENADELIAKLGRVLQRLS
QRI65230.1,QRI65230.1 NADP-dependent malic enzyme [Shinella sp. PSBB067],MSTGDKSRTQDGPASGDIDQQALFFHRHPRPGKLEINPTKPLGNQRDLALAYSPGVAAPCLAIRDDPGTAAYYTARSNLVAVVSNGTAVLGLGNIGPLASKPVMEGKAVLFKKFAGIDVFDIEIDAPTVSEMVDVVSALEPTFGGINLEDIKAPECFEVERQLREKMDIPVFHDDQHGTAIIVAAAVLNGLELAGKSLPDAKIVASGAGAAALACLNQLVVLGAKVENIWVHDIEGVVYKGREELMDQWKAVYAQETDKRQLSETIDGADVFLGLSAAGVLKPELLVRMAEKPLIMALANPKPEIMPEEARAARPDAMICTGRSDFPNQVNNVLCFPYIFRGALDCGARTINEEMKMAAVRAIAALAREEVSDVAARAYSGDTPSFGPNYLIPSPFDQRLILRIAPAVARAAAETGVASRPITDFDAYLDQLNRFVWRSGFIMKPIFAAAKKAEKKRVIFAEGEDERVLRAAQVLLEEETARPILIGRPQIIEARLRRYGLRVRPHVDFEVVNPEDDPRYRDYVDDYFRIVGRRGVIPEAARTIVRTNQTVIGALAVKRGEADALICGVEGRYAKHLRDVSQIIGKKEGVLDFSALSLLISQRGATFFTDTYVTTQPTAEEVAQMTIMAAKEIRRFGITPRAALVSHSNFGSRDSDSSFKMRKAMEIVREMDPTLEADGEMHGDSAISEVLRQRVMPDSTLTGEANLLVFPNLDAANITLGVVKTMTDSLHVGPILLGAAMPAHILSPSVTSRGVVNMAALAVVEASNPS
QRI63403.1,QRI63403.1 NADP-dependent malic enzyme [Shinella sp. PSBB067],MPGTDKTDRQRATVTEKEALDFHSSGRPGKLEITPTKPMATQRDLSLAYSPGVAVPVKAIAADPATAYDYTTRGNMVAVISNGTAILGLGNLGALASKPVMEGKSVLFKRFADVDSIDLEVDTENVDEFINCVRYLGPSFGGINLEDIKAPDCFIIEQRLRELMDIPVFHDDQHGTAIIAAAGLINALALTGRDFKTTKLVCNGAGAAAIACIELIKSMGFAPDNVILCDTKGVIYQGREDGMNQWKSAHAVKTDRRTLAEAMDGADVVFGLSAKGALSEDMIRSMAPRPIIFAMANPDPEITPEEVARIRDDAIVATGRSDYPNQVNNVLGFPYIFRGALDVRASTINDAMKIAAAEALAHLAKEDVPDDVAAAYQGVRPRFGPQYIIPVPFDPRLISAIPVAVAKAAMETGVARKDIPDLDAYARDLRARRDPIASTLQQIYARVRRQPKRVVFAEGEEEQMMRAAVSYANQQLGTAILLGREEHIRETAERAGIDLERPGIELVNARISTRNNVYIDYLYARLQRKGYLFRDAQRLIHNDRNHFAACMVALGDADAMVTGLTRNYSTALEDVRRCIDAKPGHRVIGASLALCRGRAVLVADTAVHDMPSSEELADIAEEAAGLARRLGYEPRVAMLAYSTFGHPSGERSERVREAVKILDRRRVDFEYDGEMAADVALNPRMMEQYPFCRLSAPGNVLVMPAFHSASISTKMLQELGGSTVIGPLLVGLDKSVQIVTMGAKDSDIVNMATLAAYNSGV
QRI63014.1,QRI63014.1 tRNA uridine-5-carboxymethylaminomethyl(34) synthesis enzyme MnmG [Shinella sp. PSBB067],MNSYDVVIVGGGHAGVEAAAAAARSGARTALLTHKAATIGVMSCNPAIGGLGKGHLVREVDALDGLMGRVADRAGIQFRLLNRRKGPAVRGPRTQADRRLYREAMQAEIAAIGNLDVIEGDASDLERQGGEISAIVTKDGRRLSCRSIVITTGTFLRGLIHIGNEKIPAGRVGEQPSLGLSATFERLGLALGRLKTGTPARLDGRTIDWSAVGRQAADEDPVPFSFMTDRITVPQIECGVTRTTPATHRIIEENIGKSAMYSGQIGGVGPRYCPSIEDKIVKFGERDGHQIFLEPEGLDDPTVYPNGISTSLPADVQEAFIRTIPGLERVSILQPGYAIEYDHVDPRELTATLEVRRQPGLFLAGQINGTTGYEEAAAQGLVAGLNAARFAAGAQGHVFSRTDSYIGVMIDDLTSRGVTEPYRMFTSRAEYRLSLRADNADVRLTPLGIELGIVGVDRRKRFGQWSEEMAVARERLRHLKLSPNEAAVHGLRLNQDGVRRSAYDLLAHPDIDYNRLAAVWPDELGAFSSRVRAALEIEAGYAVYLDRQEADIAEARREEARRIPQDFDFTMLPGLSIELRQKLTAARPANLAQAARVDGMTPAALTLLLAYLKRLSTEENHRTATA
QRI63007.1,QRI63007.1 YggS family pyridoxal phosphate-dependent enzyme [Shinella sp. PSBB067],MDLQDRLEDVRSRMRKAASEAGRKPEAVTLVAVSKTFDAEAIRPVIAAGQRVFGENRVQEAQGKWPELSAETAGIELHLIGPLQSNKTAEAVALFDVIETVDREKIARAIAEEMKRQGRVLRLYVQVNTGLEPQKAGIAPDDTVAFVAFCREELGLSIEGLMCIPPADENPGPHFALLAKLAGRCNLDKLSMGMSGDYEVAIGFGATGVRVGSAIFGTR
QRI62545.1,QRI62545.1 aminotransferase class III-fold pyridoxal phosphate-dependent enzyme [Shinella sp. PSBB067],MNTRNLSYSEMDKNALIHPYTNLATHQQNGPLVIESGHGIYVTDEEGRSYIEGLGGLWSTSLGFNEPELAEAAYAQLKALPTYHSFNGMAPRPTIELADCLKDMVPIEDGRVFFANSGSEINDTIIKFIWHVSNITGKPDRKKIISRRRCYHGVTIATASMTGLEACHAGFDLPLDRFVKCMCPDYYREGLPGESEEQFSERCARDLVEVIEREGPDTIAAFFADPVIAGGGVVPPPAGYFEKIQKVLKSYGILFVADEVICGFGRTGNAFATQTYDLKPDVITMAKALSSAYLPISAAVVAPSIWEPLMAGSEKYGALAHGFTYSGHPVSAAVALKTLEIYERRSTFAHARKVSEHFLKRIDGFAGHPIVGDTRGVGLLGAVEMSPDPASKAQFPAALKVGAYCAARCLEHGLIVRAIGDTIAFCPPLIITESEVDEMFTRFSDALAETAEMVGQHAGYA
QRI62293.1,QRI62293.1 aminotransferase class III-fold pyridoxal phosphate-dependent enzyme [Shinella sp. PSBB067],MKNRSDVSERDAAYHLHPYSNLRQIETEGPLVMTRGDGIRVFDENGKAYIEAMSGLWCAGLGFSERRLADAAYRQMLELPYYHSFNNRVPSVVAELAAELIAWAPVPMGRVLFANSGSESNDAAWKIVHYINNVRGKPRKKKFIARERSYHGTTAVASALSGLEGGKAIFDLPIGGVLRVSAPHYYGGARPGESEAEFTDRLVNELDELIRQEGADTIAAFIAEPVTGGGGVIIPPEGYYPRIQELLKANDILFIADEVISGFGRLGEPFGTQVFGLTPDIITVAKMLSSAYAPISALYLSEEICASLTEGSDRMGYFGHGYTYSGHPVSAAVALEVLRIYKEDAIMDHVRRVGAHFQAGLRRLGAHPLVGEARGIGLVGALELADDKAARRPFEPGRGVGAYFLRRVMERGVILRNIPGDIIAFSPPLITTEAEIDEILAATEASLDDTINWLQGQR
QRI62088.1,QRI62088.1 type III PLP-dependent enzyme [Shinella sp. PSBB067],MASARIIDFLNTRRPDGPCLVVDLDVVRDNFKAFRHALPDSAIYYAVKANPAPEILRLLASMGSNFDCASVAEIEMALDAGATASRISFGNTIKKERDVARAHALGVSLFAVDSHEEVEKISRAAPGARVFCRVLTDGEGAEWPLSRKFGCVPQMAVDVLVYAHQLGLTSYGVSFHVGSQMTKLDAWDSALADAKRVFVQLAKQGIELKMVNMGGGFPTKYLRDVPSAEAYGQAIFGALKKHFGNHIPETIIEPGRGMVGNAGVIKAEVVLVSKKSDNDNHRWVFLDIGKFGGLAETMDEAIRYPIRTGRDQDEMEPCVLAGPTCDSADVMYEKNMYPLPITLSIGDEVLIEGTGAYTTTYSAVAFNGFEPLKAYVI
QRI61622.1,QRI61622.1 formylglycine-generating enzyme family protein (plasmid) [Shinella sp. PSBB067],MAVLTSKPGNSWTSLALPALLLAALAGGLALKTDLLGSAPAGPVLDEPMTVEIAPRSFDYRESGEFFRNGFAVDGPVKALAVRRPLTIMKYQVTAGDYARCVADGACAAAEPGFAPADPANTPATGVSYDDAMAYAKWLGARTGEIWVLPSDQDLAFAAGSRFPDDALGVDINSTNPADRWLADYRREAARKASRDPVPQALGRFGENEYGLADFAGNVWEWTATCNRRVNLDKAGRVVNDASSCGIYVASGKHRAAMSSFVRNPKGGGCAVGVPPDNVGFRLVKDTRWYAPLLATLREHGIPL
QRI61584.1,QRI61584.1 aminotransferase class III-fold pyridoxal phosphate-dependent enzyme (plasmid) [Shinella sp. PSBB067],MERADLEARARALIEAEAELFRARRPRSAAAHDEAASGFFDGVPQHWMLDWPAPFPVVIDQASGAELVDIDGNRIVDVCLGDTGAMFGHGPAPVLEALRNAGSRGLTTMLPSSDAQIVGRLLVERFGLPRWQLGATASDANRFAIRVARAVTGRAKLLVFDGCYHGAVDDTLVDLVDGRTVSRRNLLGQVRDLGELTVSIPFNDEAALEKALAAQDIACVLAEPVMTNCGMIPPAPGFHDALRRLTREAGTLLLIDETHTISTGLGGYTKVHGLDPDLMVMGKPIGGGVPVSVWGMTQAISDRLHVIRREQSGHGHSGIGTTLSGSALQLACLRACLEHVMTEDAYRTMQARADRIEAGFKAAIAAAGLGWTVSRVGARLEVVFSPVPVRNAAEARAAASDTIEAALHLSMLNLGYLLTPFHNMVLVSPALSQEQADGLVEAFATVLGRLAERRAAA
QYU59017.1,QYU59017.1 PURase [Pseudomonas sp.],MGVYDYKNFGTADSKALFSDAMAITLYSYHNLDNGFAAGYQHNGFGLGLPATLVTALLGGTDSQGVIPGIPWNPDSEKLALDAVKKAGWTPITASQLGYDGKTDARGTFFGEKAGYTTAQVEILGKYDAQGHLTEIGIAFRGTSGPRENLIIDSIGDVINDLLAAFGPKDYAKNYVGEAFGNLLNDVVAFAKANGLSGKDVLVSGHSLGGLAVNSMADLSSGKWGGFFADSNYIAYASPTQSSTDKVLNVGYENDPVFRALDGSTFTGASIGVHDASKVSATDNIVSFNDHYASTAWNLLPYSILNIPTWISHLPTAYGDGMNRVIESKFYDLTSRDSTIIVANLSDPARANTWVQDLNRNAETHKGSTFIIGSDANDLIQGGSGNDYLEGRAGNDTFRDGGGYNVILGGQGSNTLDLQSAVKNFDFANDGAGNLYIRDANGGISITRDIGSIVTKEPGFLWGLFKDDVTHSVTASGLKVGNNVTAYESSVKGTGGADTLKAHAGGDWLFGLDGNDHLIGGAGNDVFVGGTGNDLMESGGGADTFLFNGAFGQDRVVGYTSNDKLVFLGVQGVLPAEDFRAHAASVGQDTVLTFGNDSVTLVGVSLNSLSADGVVIA
QSE72366.1,QSE72366.1 mandelate racemase/muconate lactonizing enzyme family protein (plasmid) [Rhodococcus sp. PSBB049],MKITQVETCGLRGATPEGGWSNELNPDDVVHTLVAIHTDEGVTGIGSAFTTESLVRGALDLLCPHLVGQEPVEVERITETLHQTAFWMGRGGALTHATSAIDIALWDIAGQVMGQPAGRLLGGRHRERVRPYASVLMDEAGPMTDNLSALVDQGFTAFKIGWWKFGRVDSRTDERTVAAARAAIGDRLLAIDAGGSEGYFPGTLAWAKRTARMLADYDVAWFEEALAPDDIDGYAELRASSPVPISGGEVLTRRQSFVPYLDRRVFDIVQPDTTKGGGLSESRRIGWYAEDRGIRLIPHGWNTGIGLAADLQLASALPATDLIEYKTGSAYVDDLIAGGWHLDDEGYLDIPDSPGLGVSLDREAIEKYGTRPTFAVPQA
QSE72079.1,QSE72079.1 peroxidase-related enzyme [Rhodococcus sp. PSBB049],MELKDLPGDIAERVLEVQEKSGFVPNVFLTFARRPAEWRAFFAYHDAIMLREDSGLTKGDREMIVTTISAANNCLYCVVAHGAILRIYEKKPTVADQVAVNYRTADIEPRQRAMLDFATKVNERAYDVDDADFAALHAHGFTDEDAWDIAAITAFFGLSNKMASVTGMMPNPEFYLMGRVPRQ
QSE72005.1,QSE72005.1 thiazole synthase [Rhodococcus sp. PSBB049],MPPLTIAGRTFSSRLITGTGGAANLAVLEEALVASGTELTTVAMRRVDAASGTGVLDLLRRLGIAPLPNTAGCRGAAEAVLTARLGREALGTDWVKLEVIADERTLLPDAIELVSAAEQLVDDGFVVLPYTTDDPVLARRLEDVGCAAVMPLGSPIGTGLGIANPHHIEMIVEAAGVPVILDAGIGTASDAALAMELGCDAVLLATAVTRAKDPALMASAMRHAVEAGFRARHAGRIPKRFWAQASSPLEP
QSE71236.1,QSE71236.1 YggS family pyridoxal phosphate-dependent enzyme [Rhodococcus sp. PSBB049],MSAADPGARRAEIADGLRRARERLDAAARAAGRDPAEIALLPVTKFFPVSDVEILYGLGCRAFGESREQEAAAKVAEFRSRTTDPAVAWHMIGRLQRNKARAVARWAHTVHSVDSVRLAHALDAGAQAAQESGDRETPVRVLLQVSLDDDPQRGGVSAADLPALADEVAAAGGLELRGLMAVPPLGWDPDAAFERLAGLHSGLRSDHPEATELSAGMSGDLEAAVRWGSTCVRVGTAVLGSRPLA
QSE71218.1,QSE71218.1 aminotransferase class I/II-fold pyridoxal phosphate-dependent enzyme [Rhodococcus sp. PSBB049],MTGEIAEATTPSAGSGVTRPMPHFELGLSENPFPPLPSVLAALYEQMARANRYPEFLPQRLPRIIADRVGVDPEQVAVGSGATGVAMQIMQAVLRSGETMVFANPTFDGYPIMADMLGVEAVAVPLDHGGRQDLCAMGEAVDDRTGLVVVCRPHNPTGTLVSAADLEVFLSSIPPQVVVILDEAYVEFIDAADAVDVLGLIRRYPNILVLRTFSKAFGLAGLRIGYVFGGRELVARVRRRQLPFGMSCAAVAAVTASYAAEDELRDRVARITAERELLWVALRQNGVHVPRSHANFLYLNGSRIAPALQRAGIVAKPYADGSARIAVGDPAAGRAVLRALQAI
QSE70287.1,QSE70287.1 maleylpyruvate isomerase family mycothiol-dependent enzyme [Rhodococcus sp. PSBB049],MTHGKTHGNTTTGGTTGPDTDAAPEFPVEPIRALLLEQFGVIDELLADVHGDTWYTPTSLPGWTVKDITAHLIGTESMLAGIEAPHVEIDVHALGHVRNEIGAFNERWIESLRGTPGDEVLARYREIVARRREQLGAMTQKDFDEPAMTPVGQATYGRFMRIRVFDCWMHELDLRDALGVPGDEGGARAELAAAEIFGALAYVVGKRGKAPDGARITFELSGPLARTLHVEVDGRAAVVPALSGPATSTVAMDSRLFVRLAGGRTHAFDRLDEITLGGDTTVGRRIVDHLAFTI
QSE70131.1,QSE70131.1 maleylpyruvate isomerase family mycothiol-dependent enzyme [Rhodococcus sp. PSBB049],MGFNDLDLSERLLIARRGTAYFSQRLAELTDDELDAPTALEGWTRKHLVAHVGYNAAALCRLMDWAATGVETPMYASTEQRGQEIAEGATLNAAALRNLFTHTVARLDEKWRHLPESAWQAQVRTAQGRLVPAEETAWMRTREVWIHAVDLGNGARFGDFPPVVLDSLLDDIVGMWRKKDLGAGLVLEVDGRDPIAVRQDADPVTKVSGPLAAVVRWAAGRGAVGLTAGADVQPPRWL
QSE70072.1,QSE70072.1 TrpB-like pyridoxal phosphate-dependent enzyme [Rhodococcus sp. PSBB049],MSELVSIPTHWYNIAGDLPDAPPPHLHPGTREPVTAADLEPLFAAGLIEQELSTETDIAIPEPVREAYATYRTTPLLRARSFERALGTPARIYVKYEGVSPVGSHKTNSALAQAYYNSLDGVKKLTTETGAGQWGSALSFACAKFGIDLEVWQVRASYESKPYRRHLIEVYGGTVHSSPSELTASGRKVRAEQPDTPGSLGIAVSEAVEVAAGDPAARYALGSVLNHVVLHQTVIGLEAVAQLRAAGEEQADVVFGCAGGGSNLAGLSFPFLRDVLHGRATTRVVAAEPAACPSITQGEYRYDHGDIVGLTPLLKMHTLGQDFIPDPIHAGGLRYHGMAPLLSHTVELGYVQGTAVAQTDAFAAAVEFARSEGIVPAPESAHALAAAAEYARTVTGPEVIVIGLSGHGQLDLPAYAAYLHGELG
QSE70044.1,QSE70044.1 NADP-dependent malic enzyme [Rhodococcus sp. PSBB049],MSIVSDAPTPRKVELTDEEIFSSHIDGKLSVELTAPLETQRDLSIAYTPGVAQVSRAIAADETLADRYTWTNRLVVVVSDGSAVLGLGDIGPRASLPVMEGKSALFKKFAGLNSIPLVLDTKDPDEIVETLIRLRPSFGAVNLEDISAPRCFEIERRVIEALDCPVMHDDQHGTAIVALAALKGAAKVQGRELAGLRIVISGAGAAGVAVANILLAAGAADVTVLDSKGIVSAERTDLNEVKVDLAARTNPAGRHGGLIEALDGADVFIGVSAGTVPEEIVARMADGAIVFALSNPDPEIHPEVAAKHAAIVATGRSDFPNQINNVLAFPGVFKGALDAGARRITEGMKLAAAEAILSVVGDELAVDKIVPSPLDPRVAPAVAEAVAAAARAEGVTD
QSE69806.1,QSE69806.1 aminotransferase class V-fold PLP-dependent enzyme [Rhodococcus sp. PSBB049],MLDLQRARRDTPGCFDRVFLDSAGSSLPPTPVLETTVAHLRREAEVGGYVAAAERAGDLAAVKTSIARLIGAEASSIALVESATRAWASFFYSVPLGEGDRILLTRSEYASNAVSALQRARATGATVETMPTDALGRIDVDALGRTLDERVKLVSVVHAPTNGGLVNPVREVADAAHEVGALVLLDACQSVGQLPVSVPEFDVDALSATGRKWLRGPRGTGFLYVRPRLITELEPAVLDLHSAQWTAPDEYRVADDATRFELWETNVAARLGLGAAVDYLLDFGVDAVTEAVAYRAEHLRDGLGRIPGVAVRDLGKEHSGIVSFTVDGWDPAHLREALAAEAITVTVSGRGSTLLEMSARRLESVVRASPHYFVSPADVDRFLAAVRSLTRS
QSE69387.1,QSE69387.1 aminotransferase class I/II-fold pyridoxal phosphate-dependent enzyme [Rhodococcus sp. PSBB049],MTGLPPASEARYPGFDDIEIGDLVRRTGVKWARAVRAGALPAWVADMDFPIAPEIRDALCESARSGELGYPDWLGGTPLRAEFARRMQSRYGWTVDPADVREQTDLIQALQLILHLHTERGDAVVIQTPNYPPFLATIAAMGRRTVEFPFADTQDGWRLDFETLRASLAAERPKVLVLVDPHNPTGRVHTRSELTRIAELAVEFDLLVVSDEIHAELIYAPHRHIPFASISPEAAARTITVTSAGKAFNIAGLRCAVAHYGSKQLLAVRDGEPPDLYGTVSTPAVLGTLAAWQRCQRWQDTLLRVLDRNRRRVDTVLREHLPEARHHLPEATYLSWVDVSAFPVDDPIRRIRDLGRVLVDGDRPFGSAAAGFVRINFATSAAVLEHILDGISAAMRGRRAVSPLTEFLGT
QSE69012.1,QSE69012.1 aminotransferase class V-fold PLP-dependent enzyme [Rhodococcus sp. PSBB049],MTAAVLTADTCIAPFARVTGCDLQVPLVQGGTCTYANFDYAASAPALEAVTERIAELLPYYASVHRGAGYASRISTSSYEQARESVARFVCAADDQVVVFTRNTTDSLNLLAGAVPGDVVVLDVEHHANLLPWKNARVVEAADTVAETVRRLVAELCSKPAALLAVTGASNVTGEVLPIAELADVAHACGARILVDGAQLVPHRRIDLTALGVDYLAFSGHKLYAPFGAGALVGRRDWLDVAEPYLAGGGAVREVRLGHTEWACAPARHEAGTPNVLGVAALAAACDALAGFDADAVAEHEEALCRRLLGGLRDLDGVEILRLWSDSPDSVGIVTFTVSGFEPGEVASYLSAEHGIGVRDGRFCAHPLLARVGLPGGAVRASLGLGSSSADVDRLLDALRGLVDAGPGWTYAKTDGLWGPSPETRPGLVESTAGAAQCS
QSE68970.1,QSE68970.1 maleylpyruvate isomerase family mycothiol-dependent enzyme [Rhodococcus sp. PSBB049],MDRASYPALLRADTERLLAAGEGRLDRPVPTCPRWSVERLLGHVGRVHRNAAGWLRAGGRTEIPPAPAGAAVVAWVRDGLEELTEAVQSADPHVDEQTFAGPQPASFWVRRMAVETALHRIDAELAAGEGTTPVDTALAVEGIDELFGVLLPFRALGGAGALGGAGSAGSPAGSGKTMHLHATDPALAAGEGEWLITFDADEPSVVHSHAEGDVAVRGPASDLLLLLWNRASLDRFDVFGDAALLTRWRDEVTI
QSE68857.1,QSE68857.1 iron-containing redox enzyme family protein [Rhodococcus sp. PSBB049],MTELLGRDEFRAALENAIKGREAKDASFSKAWAEGKLEKHHFARWAENHYHYVGPFADYLANIYSNTPDTFTDAKDFTLQNMYEEELADIRHTDLLIKFAEACGTTRERVEDPNNMNAVTRGLQAWCYAVSQREHFVVATAALVVGLESQVPSIYKKQIVPLREVYGFTEDEIEFFDLHITSDVVHGERGYQIVLDCADTPQLQQRCLQLVRWGAEMRFSYTKGLYDTYVAPDLELAPA
QSE68821.1,QSE68821.1 aminotransferase class I/II-fold pyridoxal phosphate-dependent enzyme [Rhodococcus sp. PSBB049],MPTQTQIGLMSHEELVAEHERQSHNYARLEAEKLTLDLTRGKPSPEQLDLSAELLSLPGVDDYRDASGTDCRNYGGLRGLPELRDIFGELLGIPTENLIAGNNASLEIMHDLVVASLLHGTVDSPRPWSQEPVVRFLCPAPGYDRHFAITESYGIEMIPVPMHDDGPDLAKIAALVGSDPQIKGMWAVPTYSNPTGAVYSERAARELASMPTAAPDFRIFWDNAYAVHPLVEEAAPALDILGMAAEAGHPNRVFVLASTSKITFAGAGVSFFGSSAENLAWYEKFLGIKTIGPDKVNQLRHLRFFGDADGVRAHMAKHRELLAPKFALVLKILEDRLGPSKVASWTEPKGGYFISLDVVEGTAKRVISLAKNAGIALTAAGSAFPYKNDPEDKNIRLAPSFPSLNELATAMDGVATCVLLAATEKALGK
QSE68677.1,QSE68677.1 formylglycine-generating enzyme family protein [Rhodococcus sp. PSBB049],MTWIPGGTFWMGSEEFYPEERPVHQVSVDGFWMDIHPVTVAEFRRFVKDTGHVTTAEVAPEPADYPDADPALLVPGSLVFTPPARRVPLDDYRRWWSWVPGADWRHPEGPGSSAGGREHHPVTHVSHYDALAYARWAGKELPTESEWEFAARGGLDRARFVWGDEYTPKGRYLANTWQGEFPWQNLAEDGYVGTSPVGSFRPNGYGLVDVAGNVWEWTTDYFTARHGADGRDTAPATACCIPANPRTLAPETGAEAHPLRVIKGGSHLCAPNYCLRYRPAARQGESAETSTCHIGFRCIVRGR
QSE68256.1,QSE68256.1 maleylpyruvate isomerase family mycothiol-dependent enzyme [Rhodococcus sp. PSBB049],MNDDEVWAAIDSERRRTADLLGQLSDDEWAQPSLCDGWTVRDVAAHLTLQQLTVGDCVRMVLRHPGPLNSMICAAARRRAALPTDRLIADLRATIGSRRRNVGLTSLEPLSDILVHGQDIAIPLHRDLEMPVTAAAAAATRVWSFGGRGKARVFRSLPLRGYRLTATDAEWSAGEGPEIRGPISAILLLLTGRRVALPLVSGPGADELRARLPAG
QSE67604.1,QSE67604.1 pyridoxal-phosphate dependent enzyme [Rhodococcus sp. PSBB049],MTVIDSPARVGNSPLVRILTPVPNPHPGYFAKIESLGFGGLKARSALSMLAGARRRGELRDGARIVESTSGTLGVGLAYVAQPLGHPVTLVVDCELEPAMRNLLCALGATLEIVGRPHPEGGWQQARLDVLHQILAADPDAYWPNQYDNPDNAVGYHGLADEIVAGLAAQGIERAEVLVCSVGTGGHSSGVGLRLRQVWPDLRIIGVDAVGSTIFGQPAACRVMRGLGSSVHPGNVRYEMFDEVHWVGPREAVHACRSLARDGFHTGGWSTGAVATVAGWAATRWPGPVVTVFPDGPDRYLRTIFDDDWCARHGLLAPPRTHPHEIAECGDPAECWTRCESVRAPHPSARDRMETAR
QSE67399.1,QSE67399.1 maleylpyruvate isomerase family mycothiol-dependent enzyme [Rhodococcus sp. PSBB049],MNNLQSGVPPTYDGLADLLDSAPTETWDTPSLCATWQVRHVVAHVTMPARLTPEQFGAEMAAAGGDFTLLSNTVAARDASLPVADHLAHLRSPLLHEWQPPGGGAAGALSHAVIHSLDVTVALDRPTVAPVEAVVAVLDQLTAANGALFGVDLTDVRLEAADIDWSWGSGKVVRTDSGRLVALLSGRTLPDGRALRRG
QSE67071.1,QSE67071.1 iron-containing redox enzyme family protein [Rhodococcus sp. PSBB049],MPANSPTVVMQSSALPRARGPVSREVIERLARPADTAIWPIEVAGIDPYGEDAQLALTVLYELSYRGFDGVDAGWEWAPGPLTVRAGLEGLFLDRLHADVPSGNDPQRVLDDLCREPEDAWGVSHHICERGTWEQVREFFVHRSVYHLKEADPHSFAIPRLTGRAKAALVAVEFDEYGGGRADRMHSTLYFDLLAAAGLDPGYLAYLDRVPAETLATVNFMSLCGLHRAHTPKLVGLFASAEITSSPMARRMARGLERLGAPSACIHFYTEHIEADAVHEQVLRYDVVGDLVERDPRCAGDIAFGAEAMEYLEGRLAAYVLERWNDDESSLFGAGAV
QSE66901.1,QSE66901.1 NDMA-dependent methanol dehydrogenase [Rhodococcus sp. PSBB049],MAIELNQIWDFPIKEFHPFPRALMGVGAHDIIGVEAKNLGFKRTLLMTTGLRGSGIIEELIGKIEYQGVEVVLFDKVESNPKDYNVMEAAALYQQEKCDSIISVGGGSSHDAAKGARVVIAHDGRNINEFEGFAKSTNKENPPHIAVSTTAGTGSETSWAYVITDTSDMDHPHKWVGFDEATIVTLAIDDPLLYYTCPQHFTAYCGFDVLAHGSEPFVSRLDFAPSLGNALYSIELVAKHLREATFEPRNLKAREGMMNAQYIAAQAFNSGGLGIVHSISHAVSAFFDSHHGLNNAIALPRVWEYNLPSRYEHYARIATAMGVDTRNMTTVQAADAAVEAAIRLAKDVGIPDNFGQVRVDSYEKNRMNTGKYAGRGDVIKGDEKTVRAISEHIQGDWCTPGNPREVTVESMIPVVDHCINRSY
QSE66886.1,QSE66886.1 mycofactocin system transcriptional regulator [Rhodococcus sp. PSBB049],MRSRRKPSARIGRRPSTTREGLSAIGIELFRARGFDETSVDQIAEAAGIARRTFFRYFPSKNAVPWGDFDGHLEQMRAHLDALPGHVPLAEALTSALLDFNTFPESEAALHRDRMDLILRVPALQAYSVVMYEGWRRVIAEYVARRVGAAADDHFPRTVGYLVLGVAMAAYEQWLADDSLALPELLSAGMRALYSGLDAAVPSPDGPDASPSSKKAALQ
QSE66884.1,QSE66884.1 mycofactocin biosynthesis chaperone MftB [Rhodococcus sp. PSBB049],MRRVLIVSADAATTVFDAQKVDSAGFDPDTTWRLHPQVALRPEPFGALLYHFGTRKLSFLKNITIVEIVESLHQHPSVRAALAAHGIDESAARPYLRALATLADSHMIVPA
QSE66883.1,QSE66883.1 mycofactocin radical SAM maturase [Rhodococcus sp. PSBB049],MTSVLESAAVREASGPPKVGRLVDQFEKGLDAPICLTWELTYACNLSCVHCLSSSGRRDPRELTTEQCKAIIDELQRMQVFYVNIGGGEPTVRSDFWELVDYATEHQVGVKFSTNGVKIDKKVAARLAASDYVDVQISLDGATAEVNDAVRGPGSFAMAVRALENLAEAGFRDAKISVVVTRHNVDQLDEFKALADQYGATLRITRLRPSGRAVDVWDDLHPTHEQQRQLYNWLVAHGEGVLTGDSFFHLSAFGGSDGAGALPGLNLCGAGRVVCLIDPVGDVYACPFAIHDKFLAGNILSDGGFQQVWQHSELFTELRSPQTGGACSKCTFYDSCRGGCMAAKFFTGLPMDGPDPECVQGYGESALSADRTVPKSSVDHSRTGERRTPRAPVPLQLMVRPPSRACDENPLAGMQ
QSE66882.1,QSE66882.1 mycofactocin biosynthesis FMN-dependent deaminase MftD [Rhodococcus sp. PSBB049],MSKEWFETVAVAQQRAKKKLPRSVYGALVAGSEKGITVEDNLTAFGELGFAPHVAGLSDKREMGTHVMGQDIALPVVISPTGVQAVHPDGEVAVARAAAARGTAMGLSSFASKSIEEVAAANDKTFFQMYWVGSRDVLVQRMERARAAGAKGLIMTLDWSFSSGRDWGSPAIPEKMDLKAMFRFAPEGILRPSWLLDWAKTGKVPDLTTPNLTPPGGSAPTFFGAYGEWMGTPLPTWEDVAWLREQWGDAPFMLKGVMRVDDAKRAVDAGVTAISVSNHGGNNLDGTPAPIRALPAIAEAVGKDIEVLLDGGIRRGSDVVKALALGAKAVMIGRAYLWGLAANGQAGVENVLDIFAGGIGSALIGLGKTSIHELTPDDIVVPPGFRRDLGI
QSE62104.1,QSE62104.1 thiazole synthase [Rhodococcus sp. PSBB066],MPPLTIAGRTFSSRLITGTGGAANLAVLEEALVASGTELTTVAMRRVDAASGTGVLDLLRRLGIAPLPNTAGCRGAAEAVLTARLGREALGTDWVKLEVIADERTLLPDAIELVSAAEQLVDDGFVVLPYTTDDPVLARRLEDVGCAAVMPLGSPIGTGLGIANPHHIEMIVEAAGVPVILDAGIGTASDAALAMELGCDAVLLATAVTRAKDPALMASAMRHAVEAGFRARHAGRIPKRFWAQASSPLEP
QSE62028.1,QSE62028.1 peroxidase-related enzyme [Rhodococcus sp. PSBB066],MELKDLPGDIAERVLEVQEKSGFVPNVFLTFARRPAEWRAFFAYHDAIMLREDSGLTKGDREMIVTTISAANNCLYCVVAHGAILRIYEKKPTVADQVAVNYRTADIEPRQRAMLDFATKVNERAYDVDDADFAALHAHGFTDEDAWDIAAITAFFGLSNKMASVTGMMPNPEFYLMGRVPRQ
QSE61810.1,QSE61810.1 mycofactocin biosynthesis FMN-dependent deaminase MftD [Rhodococcus sp. PSBB066],MSKEWFETVAVAQQRAKKKLPRSVYGALVAGSEKGITVEDNLTAFGELGFAPHVAGLSDKREMGTHVMGQDIALPVVISPTGVQAVHPDGEVAVARAAAARGTAMGLSSFASKSIEEVAAANDKTFFQMYWVGSRDVLVQRMERARAAGAKGLIMTLDWSFSSGRDWGSPAIPEKMDLKAMFRFAPEGILRPSWLLDWAKTGKVPDLTTPNLTPPGGSAPTFFGAYGEWMGTPLPTWEDVAWLREQWGDAPFMLKGVMRVDDAKRAVDAGVTAISVSNHGGNNLDGTPAPIRALPAIAEAVGKDIEVLLDGGIRRGSDVVKALALGAKAVMIGRAYLWGLAANGQAGVENVLDIFAGGIGSALIGLGKTSIHELTPDDIVVPPGFRRDLGI
QSE61809.1,QSE61809.1 mycofactocin radical SAM maturase [Rhodococcus sp. PSBB066],MTSVLESAAVREASGPPKVGRLVDQFEKGLDAPICLTWELTYACNLSCVHCLSSSGRRDPRELTTEQCKAIIDELQRMQVFYVNIGGGEPTVRSDFWELVDYATEHQVGVKFSTNGVKIDKKVAARLAASDYVDVQISLDGATAEVNDAVRGPGSFAMAVRALENLAEAGFRDAKISVVVTRHNVDQLDEFKALADQYGATLRITRLRPSGRAVDVWDDLHPTHEQQRQLYNWLVAHGEGVLTGDSFFHLSAFGGSDGAGALPGLNLCGAGRVVCLIDPVGDVYACPFAIHDKFLAGNILSDGGFQQVWQHSELFTELRSPQTGGACSKCTFYDSCRGGCMAAKFFTGLPMDGPDPECVQGYGESALSADRTVPKSSVDHSRTGERRTPRAPVPLQLMVRPPSRACDENPLAGMQ
QSE61808.1,QSE61808.1 mycofactocin biosynthesis chaperone MftB [Rhodococcus sp. PSBB066],MRRVLIVSADAATTVFDAQKVDSAGFDPDTTWRLHPQVALRPEPFGALLYHFGTRKLSFLKNITIVEIVESLHQHPSVRAALAAHGIDESAARPYLRALATLADSHMIVPA
QSE61806.1,QSE61806.1 mycofactocin system transcriptional regulator [Rhodococcus sp. PSBB066],MRSRRKPSARIGRRPSTTREGLSAIGIELFRARGFDETSVDQIAEAAGIARRTFFRYFPSKNAVPWGDFDGHLEQMRAHLDALPGHVPLAEALTSALLDFNTFPESEAALHRDRMDLILRVPALQAYSVVMYEGWRRVIAEYVARRVGAAADDHFPRTVGYLVLGVAMAAYEQWLADDSLALPELLSAGMRALYSGLDAAVPSPDGPDASPSSKKAALQ
QSE61792.1,QSE61792.1 NDMA-dependent methanol dehydrogenase [Rhodococcus sp. PSBB066],MAIELNQIWDFPIKEFHPFPRALMGVGAHDIIGVEAKNLGFKRTLLMTTGLRGSGIIEELIGKIEYQGVEVVLFDKVESNPKDYNVMEAAALYQQEKCDSIISVGGGSSHDAAKGARVVIAHDGRNINEFEGFAKSTNKENPPHIAVSTTAGTGSETSWAYVITDTSDMDHPHKWVGFDEATIVTLAIDDPLLYYTCPQHFTAYCGFDVLAHGSEPFVSRLDFAPSLGNALYSIELVAKHLREATFEPRNLKAREGMMNAQYIAAQAFNSGGLGIVHSISHAVSAFFDSHHGLNNAIALPRVWEYNLPSRYEHYARIATAMGVDTRNMTTVQAADAAVEAAIRLAKDVGIPDNFGQVRVDSYEKNRMNTGKYAGRGDVIKGDEKTVRAISEHIQGDWCTPGNPREVTVESMIPVVDHCINRSY
QSE61620.1,QSE61620.1 iron-containing redox enzyme family protein [Rhodococcus sp. PSBB066],MPANSPTVVMQSSALPRARGPVSREVIERLARPADTAIWPIEVAGIDPYGEDAQLALTVLYELSYRGFDGVDAGWEWAPGPLTVRAGLEGLFLDRLHADVPSGNDPQRVLDDLCREPEDAWGVSHHICERGTWEQVREFFVHRSVYHLKEADPHSFAIPRLTGRAKAALVAVEFDEYGGGRADRMHSTLYFDLLAAAGLDPGYLAYLDRVPAETLATVNFMSLCGLHRAHTPKLVGLFASAEITSSPMARRMARGLERLGAPSACIHFYTEHIEADAVHEQVLRYDVVGDLVERDPRCAGDIAFGAEAMEYLEGRLAAYVLERWNDDESSLFGAGAV
QSE61291.1,QSE61291.1 maleylpyruvate isomerase family mycothiol-dependent enzyme [Rhodococcus sp. PSBB066],MNNLQSGVPPTYDGLADLLDSAPTETWDTPSLCATWQVRHVVAHVTMPARLTPEQFGAEMAAAGGDFTLLSNTVAARDASLPVADHLAHLRSPLLHEWQPPGGGAAGALSHAVIHSLDVTVALDRPTVAPVEAVVAVLDQLTAANGALFGVDLTDVRLEAADIDWSWGSGKVVRTDSGRLVALLSGRTLPDGRALRRG
QSE61089.1,QSE61089.1 pyridoxal-phosphate dependent enzyme [Rhodococcus sp. PSBB066],MTVIDSPARVGNSPLVRILTPVPNPHPGYFAKIESLGFGGLKARSALSMLAGARRRGELRDGARIVESTSGTLGVGLAYVAQPLGHPVTLVVDCELEPAMRNLLCALGATLEIVGRPHPEGGWQQARLDVLHQILAADPDAYWPNQYDNPDNAVGYHGLADEIVAGLAAQGIERAEVLVCSVGTGGHSSGVGLRLRQVWPDLRIIGVDAVGSTIFGQPAACRVMRGLGSSVHPGNVRYEMFDEVHWVGPREAVHACRSLARDGFHTGGWSTGAVATVAGWAATRWPGPVVTVFPDGPDRYLRTIFDDDWCARHGLLAPPRTHPHEIAECGDPAECWTRCESVRAPHPSARDRMETAR
QSE60438.1,QSE60438.1 maleylpyruvate isomerase family mycothiol-dependent enzyme [Rhodococcus sp. PSBB066],MNDDEVWAAIDSERRRTADLLGQLSDDEWAQPSLCDGWTVRDVAAHLTLQQLTVGDCVRMVLRHPGPLNSMICAAARRRAALPTDRLIADLRATIGSRRRNVGLTSLEPLSDILVHGQDIAIPLHRDLEMPVTAAAAAATRVWSFGGRGKARVFRSLPLRGYRLTATDAEWSAGEGPEIRGPISAILLLLTGRRVALPLVSGPGADELRARLPAG
QSE60017.1,QSE60017.1 formylglycine-generating enzyme family protein [Rhodococcus sp. PSBB066],MTWIPGGTFWMGSEEFYPEERPVHQVSVDGFWMDIHPVTVAEFRRFVKDTGHVTTAEVAPEPADYPDADPALLVPGSLVFTPPARRVPLDDYRRWWSWVPGADWRHPEGPGSSAGGREHHPVTHVSHYDALAYARWAGKELPTESEWEFAARGGLDRARFVWGDEYTPKGRYLANTWQGEFPWQNLAEDGYVGTSPVGSFRPNGYGLVDVAGNVWEWTTDYFTARHGADGRDTAPATACCIPANPRTLAPETGAEAHPLRVIKGGSHLCAPNYCLRYRPAARQGESAETSTCHIGFRCIVRGR
QSE59872.1,QSE59872.1 aminotransferase class I/II-fold pyridoxal phosphate-dependent enzyme [Rhodococcus sp. PSBB066],MPTQTQIGLMSHEELVAEHERQSHNYARLEAEKLTLDLTRGKPSPEQLDLSAELLSLPGVDDYRDASGTDCRNYGGLRGLPELRDIFGELLGIPTENLIAGNNASLEIMHDLVVASLLHGTVDSPRPWSQEPVVRFLCPAPGYDRHFAITESYGIEMIPVPMHDDGPDLAKIAALVGSDPQIKGMWAVPTYSNPTGAVYSERAARELASMPTAAPDFRIFWDNAYAVHPLVEEAAPALDILGMAAEAGHPNRVFVLASTSKITFAGAGVSFFGSSAENLAWYEKFLGIKTIGPDKVNQLRHLRFFGDADGVRAHMAKHRELLAPKFALVLKILEDRLGPSKVASWTEPKGGYFISLDVVEGTAKRVISLAKNAGIALTAAGSAFPYKNDPEDKNIRLAPSFPSLNELATAMDGVATCVLLAATEKALGK
QSE59835.1,QSE59835.1 iron-containing redox enzyme family protein [Rhodococcus sp. PSBB066],MTELLGRDEFRAALENAIKGREAKDASFSKAWAEGKLEKHHFARWAENHYHYVGPFADYLANIYSNTPDTFTDAKDFTLQNMYEEELADIRHTDLLIKFAEACGTTRERVEDPNNMNAVTRGLQAWCYAVSQREHFVVATAALVVGLESQVPSIYKKQIVPLREVYGFTEDEIEFFDLHITSDVVHGERGYQIVLDCADTPQLQQRCLQLVRWGAEMRFSYTKGLYDTYVAPDLELAPA
QSE59720.1,QSE59720.1 maleylpyruvate isomerase family mycothiol-dependent enzyme [Rhodococcus sp. PSBB066],MDRASYPALLRADTERLLAAGEGRLDRPVPTCPRWSVERLLGHVGRVHRNAAGWLRAGGRTEIPPAPAGAAVVAWVRDGLEELTEAVQSADPHVDEQTFAGPQPASFWVRRMAVETALHRIDAELAAGEGTTPVDTALAVEGIDELFGVLLPFRALGGAGALGGAGSAGSPAGSGKTMHLHATDPALAAGEGEWLITFDADEPSVVHSHAEGDVAVRGPASDLLLLLWNRASLDRFDVFGDAALLTRWRDEVTI
QSE59662.1,QSE59662.1 aminotransferase class V-fold PLP-dependent enzyme [Rhodococcus sp. PSBB066],MTAAVLTADTCIAPFARVTGCDLQVPLVQGGTCTYANFDYAASAPALEAVTERIAELLPYYASVHRGAGYASRISTSSYEQARESVARFVCAADDQVVVFTRNTTDSLNLLAGAVPGDVVVLDVEHHANLLPWKNARVVEAADTVAETVRRLVAELCSKPAALLAVTGASNVTGEVLPIAELADVAHACGARILVDGAQLVPHRRIDLTALGVDYLAFSGHKLYAPFGAGALVGRRDWLDVAEPYLAGGGAVREVRLGHTEWACAPARHEAGTPNVLGVAALAAACDALAGFDADAVAEHEEALCRRLLGGLRDLDGVEILRLWSDSPDSVGIVTFTVSGFEPGEVASYLSAEHGIGVRDGRFCAHPLLARVGLPGGAVRASLGLGSSSADVDRLLDALRGLVDAGPGWTYAKTDGLWGPSPETRPGLVESTAGAAQCS
QSE59289.1,QSE59289.1 aminotransferase class I/II-fold pyridoxal phosphate-dependent enzyme [Rhodococcus sp. PSBB066],MTGLPPASEARYPGFDDIEIGDLVRRTGVKWARAVRAGALPAWVADMDFPIAPEIRDALCESARSGELGYPDWLGGTPLRAEFARRMQSRYGWTVDPADVREQTDLIQALQLILHLHTERGDAVVIQTPNYPPFLATIAAMGRRTVEFPFADTQDGWRLDFETLRASLAAERPKVLVLVDPHNPTGRVHTRSELTRIAELAVEFDLLVVSDEIHAELIYAPHRHIPFASISPEAAARTITVTSAGKAFNIAGLRCAVAHYGSKQLLAVRDGEPPDLYGTVSTPAVLGTLAAWQRCQRWQDTLLRVLDRNRRRVDTVLREHLPEARHHLPEATYLSWVDVSAFPVDDPIRRIRDLGRVLVDGDRPFGSAAAGFVRINFATSAAVLEHILDGISAAMRGRRAVSPLTEFLGT
QSE58872.1,QSE58872.1 aminotransferase class V-fold PLP-dependent enzyme [Rhodococcus sp. PSBB066],MLDLQRARRDTPGCFDRVFLDSAGSSLPPTPVLETTVAHLRREAEVGGYVAAAERAGDLAAVKTSIARLIGAEASSIALVESATRAWASFFYSVPLGEGDRILLTRSEYASNAVSALQRARATGATVETMPTDALGRIDVDALGRTLDERVKLVSVVHAPTNGGLVNPVREVADAAHEVGALVLLDACQSVGQLPVSVPEFDVDALSATGRKWLRGPRGTGFLYVRPRLITELEPAVLDLHSAQWTAPDEYRVADDATRFELWETNVAARLGLGAAVDYLLDFGVDAVTEAVAYRAEHLRDGLGRIPGVAVRDLGKEHSGIVSFTVDGWDPAHLREALAAEAITVTVSGRGSTLLEMSARRLESVVRASPHYFVSPADVDRFLAAVRSLTRS
QSE58632.1,QSE58632.1 NADP-dependent malic enzyme [Rhodococcus sp. PSBB066],MSIVSDAPTPRKVELTDEEIFSSHIDGKLSVELTAPLETQRDLSIAYTPGVAQVSRAIAADETLADRYTWTNRLVVVVSDGSAVLGLGDIGPRASLPVMEGKSALFKKFAGLNSIPLVLDTKDPDEIVETLIRLRPSFGAVNLEDISAPRCFEIERRVIEALDCPVMHDDQHGTAIVALAALKGAAKVQGRELAGLRIVISGAGAAGVAVANILLAAGAADVTVLDSKGIVSAERTDLNEVKVDLAARTNPAGRHGGLIEALDGADVFIGVSAGTVPEEIVARMADGAIVFALSNPDPEIHPEVAAKHAAIVATGRSDFPNQINNVLAFPGVFKGALDAGARRITEGMKLAAAEAILSVVGDELAVDKIVPSPLDPRVAPAVAEAVAAAARAEGVTD
QSE58604.1,QSE58604.1 TrpB-like pyridoxal phosphate-dependent enzyme [Rhodococcus sp. PSBB066],MSELVSIPTHWYNIAGDLPDAPPPHLHPGTREPVTAADLEPLFAAGLIEQELSTETDIAIPEPVREAYATYRTTPLLRARSFERALGTPARIYVKYEGVSPVGSHKTNSALAQAYYNSLDGVKKLTTETGAGQWGSALSFACAKFGIDLEVWQVRASYESKPYRRHLIEVYGGTVHSSPSELTASGRKVRAEQPDTPGSLGIAVSEAVEVAAGDPAARYALGSVLNHVVLHQTVIGLEAVAQLRAAGEEQADVVFGCAGGGSNLAGLSFPFLRDVLHGRATTRVVAAEPAACPSITQGEYRYDHGDIVGLTPLLKMHTLGQDFIPDPIHAGGLRYHGMAPLLSHTVELGYVQGTAVAQTDAFAAAVEFARSEGIVPAPESAHALAAAAEYARTVTGPEVIVIGLSGHGQLDLPAYAAYLHGELG
QSE58544.1,QSE58544.1 maleylpyruvate isomerase family mycothiol-dependent enzyme [Rhodococcus sp. PSBB066],MGFNDLDLSERLLIARRGTAYFSQRLAELTDDELDAPTALEGWTRKHLVAHVGYNAAALCRLMDWAATGVETPMYASTEQRGQEIAEGATLNAAALRNLFTHTVARLDEKWRHLPESAWQAQVRTAQGRLVPAEETAWMRTREVWIHAVDLGNGARFGDFPPVVLDSLLDDIVGMWRKKDLGAGLVLEVDGRDPIAVRQDADPVTKVSGPLAAVVRWAAGRGAVGLTAGADVQPPRWL
QSE58392.1,QSE58392.1 maleylpyruvate isomerase family mycothiol-dependent enzyme [Rhodococcus sp. PSBB066],MTHGKTHGNTTTGGTTGPDTDAAPEFPVEPIRALLLEQFGVIDELLADVHGDTWYTPTSLPGWTVKDITAHLIGTESMLAGIEAPHVEIDVHALGHVRNEIGAFNERWIESLRGTPGDEVLARYREIVARRREQLGAMTQKDFDEPAMTPVGQATYGRFMRIRVFDCWMHELDLRDALGVPGDEGGARAELAAAEIFGALAYVVGKRGKAPDGARITFELSGPLARTLHVEVDGRAAVVPALSGPATSTVAMDSRLFVRLAGGRTHAFDRLDEITLGGDTTVGRRIVDHLAFTI
QSE57447.1,QSE57447.1 aminotransferase class I/II-fold pyridoxal phosphate-dependent enzyme [Rhodococcus sp. PSBB066],MTGEIAEATTPSAGSGVTRPMPHFELGLSENPFPPLPSVLAALYEQMARANRYPEFLPQRLPRIIADRVGVDPEQVAVGSGATGVAMQIMQAVLRSGETMVFANPTFDGYPIMADMLGVEAVAVPLDHGGRQDLCAMGEAVDDRTGLVVVCRPHNPTGTLVSAADLEVFLSSIPPQVVVILDEAYVEFIDAADAVDVLGLIRRYPNILVLRTFSKAFGLAGLRIGYVFGGRELVARVRRRQLPFGMSCAAVAAVTASYAAEDELRDRVARITAERELLWVALRQNGVHVPRSHANFLYLNGSRIAPALQRAGIVAKPYADGSARIAVGDPAAGRAVLRALQAI
QSE57429.1,QSE57429.1 YggS family pyridoxal phosphate-dependent enzyme [Rhodococcus sp. PSBB066],MSAADPGARRAEIADGLRRARERLDAAARAAGRDPAEIALLPVTKFFPVSDVEILYGLGCRAFGESREQEAAAKVAEFRSRTTDPAVAWHMIGRLQRNKARAVARWAHTVHSVDSVRLAHALDAGAQAAQESGDRETPVRVLLQVSLDDDPQRGGVSAADLPALADEVAAAGGLELRGLMAVPPLGWDPDAAFERLAGLHSGLRSDHPEATELSAGMSGDLEAAVRWGSTCVRVGTAVLGSRPLA
QRI73140.1,QRI73140.1 peroxidase-related enzyme [Bradyrhizobium sp. PSBB068],MARLPIPALDDAPAASKPILAAVNAQLGVVPNLFRVVSSSPVALTALAGLSGTLAKSLDVKTRERIALAVAQVNGCDYCLSAHTYLGLNLAKISAEEIALNRKGTSGDPKADAAVRFAAKVAETRGHVGDEDIAAVRKAGYSDAQVLEIVALVVENVFTNFVNEVAKTDIDFPVVQANDLKAA
QRI72716.1,QRI72716.1 aminotransferase class I/II-fold pyridoxal phosphate-dependent enzyme [Bradyrhizobium sp. PSBB068],MREATPRDHVSSLLTASGRSDVPPFMVMDVMAAAERIEAAGGHVIHMEVGQPAEGAPKQAIAAAQAALASGRIDYTSALGIPSLRARIARHYRDTYRCAVDAERIIVTTGSSGGFILAFLAMFEPGDRVAVTVPGYPPYRHILTALGCEPVLIETSGDTRHALTGEALLAAHRKAPLKGVLVGSPANPTGTMMSREALSNLMAAADSAGIRFISDEIYHGLDYAFPAVTAAELSPNALVINSFSKYFCMTGWRVGWMVVPEVLVRPIERLQQNLSISVPTLSQIAAEAAFEGRAEMEAIKRGYQENRRILIEGLPKAGLTKFLPADGAFYLYADVSDFTSDSFAFASEMLEKAHVAATPGVDFDPIHGRAFIRFSYARSAAEMQEAVARIAHWLK
QRI72517.1,QRI72517.1 NADP-dependent malic enzyme [Bradyrhizobium sp. PSBB068],MSSSSEELHNAALAYHRLPRPGKLEIQAIKPLANQRDLALAYSPGVAAACTEIANNPAEAATLTARANLVAVVSNGTAVLGLGNIGPLASKPVMEGKAVLFKKFAGIDVFDIEIKADTIERVVETVAALEPTFGGINLEDIRGPECFEIETQLKERMKIPVFHDDQHGTAIIVAAAIVNGLLLNGKQLSDVKIVCSGAGAAAIATLNLLVSMGAQRKNIWVCDIDGVVYDGRNTTMDRWKAVYTQKTDARVLADVIPGADIFIGLSAPGVLKPEMVKQMGDKPLVMALANPVPEIMPEEARAARPDAMICTGRSDYPNQVNNVLCFPFIFRGALDVGATAINEAMKHAAVDAIAQLARDPPSDAVAHGFESGETQGFGPGSLIPSPFDPRLILRIAPAVAKAAMESGVATRPIKNFDEYCAELQRYAFRSGLTMKPVFAKAKTQPVRVIYAEGEDERVLRATQVVLEEKLARPILVGRPSVVETRIKRFGLSIKAGRDFDLVNPEDDPRYRSYVQSYIDLAGRRGVTPEAARTVVRTNNTVIAALAVSRGEADAMLCGVEGRYMSHLRHVREIIGFLPGVSDYAALALMITSTGAHFLADTQVRPNPSAEELAEVASLAAIHAQRFAFKPKVAFVSHSDFGSYDTDSSRKMRRATQLLKDKHPEIEADGEMQGDTALSAAARRMVLPQSRLEGEANILIMPNLDAANIAYQMIKSLANALPVGPILIGPARPAHILTPGVTARGILNMTAVAAVEAQERAGRAQPTLFG
QRI72258.1,QRI72258.1 peroxidase-related enzyme [Bradyrhizobium sp. PSBB068],MTQPTANRFPTPALDKLPEDIRARILAVQEKSGFVPNVFLTLAYRPDEFRAFFAYHDALMEKDSGLSKAEREMIVVATSAANQCQYCVIAHGAILRIRAKSPEIADQIAINYRKADITPRQRGMLDFAMKVSRAAEEVSEADFAALAAHGFSDDDVWDIAAVAAFFALSNRLANVTGMRPNPEFYMLGRQPK
QRI72026.1,QRI72026.1 aminotransferase class III-fold pyridoxal phosphate-dependent enzyme [Bradyrhizobium sp. PSBB068],MTSLAAERAGVLNRLLDAEQERFRTLHPRSAAAWQEGRQHYLYGGPSHWMRRWAGGFPVYAAEAQGAHIRDIDGRDYIDFCLGDTGGMCGHAPEAVTEAALAQLKRGATMMLPTEDSLWVGAELSRRFGPKYWTLTTSATDANRAAIRLSRMITGRRKVLVFSGCYHGGVEEAHVEIRDGRVGLRNMIHPNGIDHDAVSRVVEFNDVAALEAALAQGDVACVLTEPLMTNFGMIPVDPGFHETLRDLTWRAGTVLIIDETHTLSCGPGGYTASHGLEPDIFVAGKAIAGGIPAGVFGLSQQIAERLWKLVPHVNPRQRQSAHLGFGGTLAGNALTVATMRAVLEKVLTSANYARMIGTATWLAQEARRLIEAAGLPWHVTQIGARAEIMFMPQPPRSGADVIAGRQPDLETLLHAFYMNEGILVTPFHTMLLMCPATSARDVDKHTAVFAQFIELLRKAGAI
QRI72022.1,QRI72022.1 aminotransferase class III-fold pyridoxal phosphate-dependent enzyme [Bradyrhizobium sp. PSBB068],MRDRNFLVENNAKPIWHPMAHPAEMRAQPPRIVMKGEGVHVTDIDGKTVIDAVGGLWNVNLGYSCDPIKQAITEQLGALPYYSGFRGTSSGPSIELAYELTEWFKPEGMVRAFFTSGGSDSVETALRLSRQYWKIKGQADRTKFLALKKGYHGTHFGGASVNGNANFRRNYEPMLPGVFHIPAPSTYRNPFNETDPAKLAQLCAAAMEEEIAFQGADTIAAFIMEPVLGAGGVIVPPDSFMKLVREICDRHGILMIADEVVTGFGRTGAWSGSRLWGVKPDMMTMAKAITSGYFPLGATLIGEAVADAFEADTTTFGSIGHGYTYSGHPVGCAAGIAALAETRRLKLDENAAARGKDLAQALAALKAKHALVGDVRGKGLMAALELVADRDSKKPADKKTMAKVAGAAYEAGVMLRVSGNNLILSPPLILTSLDVKAIADGIDAGLSAAG
QRI71492.1,QRI71492.1 mandelate racemase/muconate lactonizing enzyme family protein [Bradyrhizobium sp. PSBB068],MSKSTTIKSVETLACDAGWRNYHFVKVTTSDGLVGWSEYDEGFGAPGVTAAIERLSARVVGKNAFEHERIYVELFAATRPAAGGVVALALGAIENALLDVKAKALGVPCYDLLGGKIRDRVRVYWSHCATWRINHPDWYKPAITDLDGVKAIGAEVREKKFTAMKTNIFVYTDGKPAGWRPGFGVPFQPEINVDRNVLRNLCMHLEAIRDGAGPDVDLLLDLNFNAKTEGYLNILRAIEKMDMFWVEIDTFNPQALGYIRRQSPHPISSCETLLGLREFLPYFAEQAMDVAIIDTPWNGVWQSMKIVAAAEHFEVNVAPHNFYGHLCTMMNAHFCAAVPNLRIMETDIDRLAWDHELFTHVPEFVDGHLVIPDRPGWGTEPNEDGLRAHPPKNKGGLLNYGLKK
QRI71040.1,QRI71040.1 iron-containing redox enzyme family protein [Bradyrhizobium sp. PSBB068],MQKMMDHVEFRAALENAIKGKSANKAPFSVAWASGKLSRAHLARWAENHYHYVGPFADYLGYIYARMPEQYQEAKDFLLANMYEEEIGGDRHTDLLIRFAEACGTTAARIKDPDNMTPTTRGLQSWCYAVAMREDPIVAVAGLVVGLESQVPSIYRKQTPTLREKYKFTDEEVEFFDLHIVSDEIHGERGYQIVLEHANTVELQQRCLKICEIGAQMRLLYTTALYHDYVANDIPLAELDLASGVSAEERVLLQA
QRI70666.1,QRI70666.1 type III PLP-dependent enzyme [Bradyrhizobium sp. PSBB068],MTERIQEFLRNRRQDGLDTEPCLVVDLEVVRDNYQTFAKALPDSRVFYAVKANPAPEVLSLLASLGSCFDTATVAEIEMALAAGATPDRISYGNTIKKERDIARAFALGIRLFAVDCAAEVEKVARAAPGAKVFCRILYDCAGAEWPLSRKFGCDPEMAVEVLDLAKRLGLEPCGISFHVGSQQRKVKAWDRALAMASTVFRDCAERGINLTMVNMGGGFPTKYLKDVPPVLQYGRSIFRALRKHFGNQIPETIIEPGRGMVGNAGVIETEVVLISRKSDEDEVRWVYLDIGKFGGLAETMDESIRYAIRTPHDGADMTPCVLAGPTCDSADVLYEKLPYPLPVTLEIGDKLLIEGTGAYTSTYSSVAFNGIPPLKTYHI
QRI69829.1,QRI69829.1 aminotransferase class I/II-fold pyridoxal phosphate-dependent enzyme [Bradyrhizobium sp. PSBB068],MAMTASSGMAQGAGDVASAGQAERSPFVRTTELLAPYQPAKPLITLSVGEPQHPVPDFVGPVLARHTAEFGRYPMAKGIEPFRRAVATWLGSRFQLPRPVDPESEVMVLNGSREGLFFAAITAARYVAPRKGRPAVLMPNPFYPAYGAGARAAGCEQIYLPTTLSNGFLPDLDSIDEATLARTVAFFLASPANPQGSVASRAYFTRLKQLADRHGFMILSDECYSEIYTREAPGSMLECAGPDFTNVVAFQSLSKRSNLPGMRVGFAAGDRKFMAAFLELRNVAAPQVPVPLQHVAVAAYGDEAHVEENRRLYRIKFDLADQILGSRYGYKRPAGGFCVWLDVSDRGGDEATTVRLYRDAGVRVIPGSYLAREQNDGSNPGAGYIRLALVSDSESTAEAMHRLVETLG
QRI69675.1,QRI69675.1 YggS family pyridoxal phosphate-dependent enzyme [Bradyrhizobium sp. PSBB068],MTQSPTTPLSADSPHGLAAVEQAITHACKEARRDRASVTLIAVSKTFAADAILPIIGAGHRVFGENRVQEAKGKWPELIKAHPGVLLHLIGPLQSNKAKEAVALFDAIHSVDRASICEALAKEIKNQGKRPELFVQINTGEESQKAGVAPQDADTFIAACREKYDLPISGLMCIPPVDQAPAPHFALCAKIAARNGLKNLSMGMSADFPVAIAMGATHVRVGSAIFGTRTKPHN
QRI69667.1,QRI69667.1 tRNA uridine-5-carboxymethylaminomethyl(34) synthesis enzyme MnmG [Bradyrhizobium sp. PSBB068],MTSRADSFDVIVIGGGHAGCEAASAAARMGAQTALVTHRFATIGAMSCNPAIGGLGKGHLVREVDALDGLMGRVADAGGIQFRMLNRRKGPAVRGPRAQADRKLYAAAMQAAITETANLSVIEGEADELIVVEGRVTGIRLGDGRQLSAGAVVITTGTFLRGLIHLGEKNWPAGRVGEAPAMGLSASFERAGFVLGRLKTGTPPRLDGTTIDWSAVEMQPGDDPPEPFSVMTDRITTAQIQCGITRTTPATHDVIRANVHRSPMYSGQIKSSGPRYCPSIEDKIVRFGDRDGHQIFLEPEGLDDDTVYPNGISTSLPEEVQLAILASIPGLERVKMVRPGYAIEYDHVDPRELDPTLQTKRLRGLFLAGQINGTTGYEEAAGQGIVAGLNAALAAGGADPIVFDRADGYLGVMIDDLVTRGITEPYRMFTSRAEYRLTLRADNADQRLTDKGIALGCVGMARAERHRTKMTALDAAKTLAKSLAITPNEAAKHGLSLNRDGHRRSAFELLAYPEIEWPAVQAIWPELSAIDPAIAVHLEIDAKYDVYLKRQTADVDAFRRDEGLVLTDVDYADVPGLSNEARAKLQKAQPRTVGQAGRIDGMTPAALGILAAYLRREARRKSAKVSA
QRI69419.1,QRI69419.1 DSD1 family PLP-dependent enzyme [Bradyrhizobium sp. PSBB068],MSSAPASNAPHPLAGIDTPCLVLDEDRMLRNIARLKTRLARLGVPLRPHLKTAKSIPAARAVMDGPGGPAAVSTLQEAEAFAADGVTDILYAVGIAPQKLDRVAALRRRGVDLSVVLDSVEQAAAVTAMARMTGDRIPALIEIDCDGHRAGLGTNDPLLVEIGRALHQGGAELRGVMAHAGESYSCRSVAALEQAAGQERAAAVGCAEALRAAGLPCPVVSVGSTPTAHFARRLEGVTEVRAGVFVMFDLVMAGIGVCAVDDIALSVLATVIGHRADRGWTFVDAGWMALSRDRGTAKQPVDQGYGIVCDVDGRPYPDLIVTETNQEHGIIALRPGSTAPQVALPVGAKVRILPNHACATGAQHDRYHVVAAGADTVRQWERFRGW
QRI69397.1,QRI69397.1 aminotransferase class V-fold PLP-dependent enzyme [Bradyrhizobium sp. PSBB068],MTVRAGREFLAIPGPTTMPDQVLQAMHRPALDIYSSEMVELTESLLRDLSNLFATAGKSYIYISNGHGAWEATLSNVLSRGDKVLVLESGRFAIGWGMAAAAMGAEVEVLKGDWRRAIRPAEVEERLKRDKEHKIKAILAVQIDTASGAVNDIEAIGRAIKAAGHPALFMVDTVASLGCMPFEMDKWYVDVAMSGSQKGLMTPPGLGFVAASDRAWDAHKKANLRTPYWDWTEREGSEHYRKYAGTAPVHLLFALREAINMLHAEGLQNAFERHRLLGEAVRRAVAVWAEGQVLGFNIAEPTERSNTVTTVTVKGADPAAIQRYAKEKCGVVLGTGIGDLQGQAFRIAHMGHVNAPMILGTLGVVEVALTALNIPHGKAGADAAIQWLGENVKA
QRI68213.1,QRI68213.1 mandelate racemase/muconate lactonizing enzyme family protein [Bradyrhizobium sp. PSBB068],MSVRIVDVREVTKPISSPIRNAYIDFTKMTSSLVAVVTDVVRDGRRVVGYGFNSNGRYGQGGLIRERFAPRLKEADPKALLDAAGDNLDPDKVWSTLISNEKPGGHGERSVAVGTIDMAVWDAVAKIAGKPLFRLLAERHGLTANPRVFVYAAGGYYYPGKDLGALRKEMRGYLDRGYNVVKMKIGGAPLTEDRARIEAVLNEIGRDAQLAVDANGRFDLETAIAYAKMLREYPLFWYEEAGDPLDYALQAALAEFYPGAMATGENLFSHQDARNLIRYGGMRPDRDWLQFDCALSYGLCEYQRTLAVLKTHGWSPSRCIPHGGHQMSLNIAAGLGLGGNESYPDLFQPYGGFPDGVRVEGGHIVMPELPGIGFEGKSDLYKEMKALAD
QRI68201.1,QRI68201.1 mandelate racemase/muconate lactonizing enzyme family protein [Bradyrhizobium sp. PSBB068],MKITDVRAHHIRIPYDAGPASFRQGASAISALDMVLVEVSTDAGLTGWGDAFAYVCPKTSCTAVAEMIAPQARGLEVPDAAGIPAAMEQIQRNLHLFGRYGITMFAISALDIALWDLAGKVKGVPLHQLIGGAKRSTIPAYASLMRIGNPAQIAAECKKAIKLGYAAIKLHETTVPAVSAAREAIGPGVPLMVDMNCPLDGPAAIQFARDCKQAAPMFLEEPVWPPEDFATLAEVRREGRLDIAAGENACTVHQFRQMMTAGAVSHAQPSVIKVGGVTEFLRVAVLADEFGVQVIPHSPYFGPGFLATLHLMAIRDAGLIEVFFMKRPACLWGERIAVDAHGHVAVPQGPGLGYEPDRDVMEKYRVA
QRI68133.1,QRI68133.1 aminotransferase class III-fold pyridoxal phosphate-dependent enzyme [Bradyrhizobium sp. PSBB068],METSLPILSLSAAALAGAAAAFPKIQARIALSRAKHRSLTGHSKMSKMVARMVPHYEFDIDEFFCSDGAPKNIAMQRQDGFFRLAGLYGDRYPKGRALTAEVTERISDLQFTESYRVPFQYSRLVREHLNTSAFVQASSGVTVTDLDGNVAYDLTGSYGVNIFGNDFYKECIAEGEKRAQALGPVLGPYHPIIADNVKRLCELSGLDEVSFHMSGTEAVMQAVRLARYHTKRTHLVRFAGSYHGWWGEVQPGVGNPVSPHETYTLADMSEKTLHVLRTRKDIACVLVNPLQALHPNSNAPGDSALVDSSRSSKYDRAAYTEWLKKLREVCTERGIVLIFDEVFVGFRLAAGGAQEYFGVKADMVTYGKSLAGGLPVGVVCGRKDLMRRFRDDRPADICFARGTFNSHPYVMTSMDEFLSRLASPNFRSIYNGLDETWNGRAKALNDRLTAAGLPVRVGNISSIWTVYYTEPSRYNWMLQYYLRAEGLALSWVGTGRLIFTLNYTDADFAEVSDRFVAAAEKMKRDGWWWHKEGLTNKNIKRQILKEMVAVKFGR
QRI67766.1,QRI67766.1 aminotransferase class V-fold PLP-dependent enzyme [Bradyrhizobium sp. PSBB068],MTVHTGRHFLQIPGPTNVPDRVLRAMDMPTMDHRGAEFAEIGFAVMSAMQRVFRTKQPVIIYPSSGTGAWEAAIVNTLQPGDKVLMCETGQFAVLWHGIADKFKLDVDFVPGDWRHGADLEQIEARLAADKAHKIKAVCVVHNETSTACVTYPLNVRKILDTLKHPALLMVDTISGLGSLEYEHDAWGIDVSIAGSQKGLMLPPGLGFNAVSEKALAVAKANPGMRSYWDWQEVININKAGTWPYTPATNLLFGLREAVKMLEEEGLENVFARHKRHSEATRAAIKVWGLETQCQEQGAHSPALTAVRVPDGHDADHFRKVVLDNFDMSLGTGLNKVKGKVFRIGHIGHFNDLMLMGTLSGVEMGLDLAKVPHRSGGVLAAMDVLKGRDAAQASKVA
QRI67687.1,QRI67687.1 NAD-dependent malic enzyme [Bradyrhizobium sp. PSBB068],MLQTAADFATTALSGYELLADPQLNKGTAFSEAEREAFDLHGLLPPNILTLDEQVSRRLEALRGYETDIERYAFLRELQDTNETLFYALLVSNLEELLPIVYTPTVGEGCQKFSRLFRKPRGLFLSIPHQHRIDRIFAHPRFDHVEAIVVTDGERILGLGDQGAGGMGIPIGKLALYTGCGGLHPATTLPIMLDVGTDNPDCLADPLYIGWRNERVRGQQYDDFIEAFVSAVVKRWPHVLLQWEDFAKNNATRMLERYRDRLLTFNDDIQGTAAVATGALLSAINVTGVPLTEQRVAVLGAGSAGCGIASLIRAAMVDAGLSESDAAKRFFMVDRDGLLLEGMSGLAPFQLPFVQNKQAIAGWQLSHPDKIALLDVVRNAKPTVLIGVSGQAGAFSEPIVRAMAECNKRPVIFPLSNPTSREEATPADIEAWTEGRALIGVGSPFPPITRDGARFKVDQTNNSYIFPGVGVGALAVGASRISDGMFMAAAKALASVSPARNNPKHNLLPPVSALREVSQTVALAVALQAHKEGLAKDVPIDEVEARIQAKVWTPRYVPYRRTGGNAT
QRI67664.1,QRI67664.1 formylglycine-generating enzyme family protein [Bradyrhizobium sp. PSBB068],MKINSLFVISITALATTLGANGKTATLRQDSESGSHRPAPPEHLTVAQAPTQPSRLEPGDVFRDCTDCGELVVLPPGDFVMGSNDTPYEKPERTIPIPRPFAIGRREVTFAEWDQCADAGACKFRPDDHGWGRGSQPVINVSWDDTKLFLAWLSQRTGQKYRLPTEAEWEYAARAGTKTPYWWGRDVGTGRAQCANCVTPPPQKMAPVGSFRPNGFGLYDTAGNVAEWVEDCWNDNYRNAPKDASAWTSGDCRLRVLRGGNFTSPATAIRSAARFRYDVDVRYYGNGFRFVRELP
QRI67587.1,QRI67587.1 aminotransferase class V-fold PLP-dependent enzyme [Bradyrhizobium sp. PSBB068],MLPSQRHLFEIPREVCYLNSASYSPLPLKTLEAGRVAVGRKGQPWTIDPGFAGRQHERARTAAARLINADPGDVALIPAISYGVATIAKALTIPRGTRVVVLENDHSSPVLEWHARAEAQGFVIDTVPQPADGDWTSAVLATIERSAAPPVGLASISSVHWSDGGIIDVDRVQTALRRQGAMFAIDATQSAGVVAMDVTKLDPDAVIFPTYKWLIGPYGRAFLYIAKRHQNGVPLEQTSAGRRNVNSENAVYFGDLGYVDNARRYDMGERDHFITLEMASIGMEMMAEWGAGAVSERLAMLTQRIADGVRDLGLDVLARGVRAPHILSLGMVGGIPKELIARLAAENIHVALRLGRMRISPHVYNDEADVDRLVEGLTNALRG
QRI78880.1,QRI78880.1 thiazole synthase [Rhodococcus aetherivorans],MPPLTIAGRTFSSRLITGTGGAANLAVLEEALVASGTELTTVAMRRVDAASGTGVLDLLRRLGIAPLPNTAGCRGAAEAVLTARLGREALGTDWVKLEVIADERTLLPDAIELVSAAEQLVDDGFVVLPYTTDDPVLARRLEDVGCAAVMPLGSPIGTGLGIANPHHIEMIVEAAGVPVILDAGIGTASDAALAMELGCDAVLLATAVTRAKDPALMASAMRHAVEAGFRARHAGRIPKRFWAQASSPLEP
QRI78805.1,QRI78805.1 peroxidase-related enzyme [Rhodococcus aetherivorans],MELKDLPGDIAERVLEVQEKSGFVPNVFLTFARRPAEWRAFFAYHDAIMLREDSGLTKGDREMIVTTISAANNCLYCVVAHGAILRIYEKKPTVADQVAVNYRTADIEPRQRAMLDFATKVNERAYDVDDADFAALHAHGFTDEDAWDIAAITAFFGLSNKMASVTGMMPNPEFYLMGRVPRQ
QRI78395.1,QRI78395.1 mycofactocin biosynthesis FMN-dependent deaminase MftD [Rhodococcus aetherivorans],MSKEWFETVAVAQQRAKKKLPRSVYGALVAGSEKGITVEDNLTAFGELGFAPHVAGLSDKREMGTHVMGQDIALPVVISPTGVQAVHPDGEVAVARAAAARGTAMGLSSFASKSIEEVAAANDKTFFQMYWVGSRDVLVQRMERARAAGAKGLIMTLDWSFSSGRDWGSPAIPEKMDLKAMFRFAPEGILRPSWLLDWAKTGKVPDLTTPNLTPPGGSAPTFFGAYGEWMGTPLPTWEDVAWLREQWGDAPFMLKGVMRVDDAKRAVDAGVTAISVSNHGGNNLDGTPAPIRALPAIAEAVGKDIEVLLDGGIRRGSDVVKALALGAKAVMIGRAYLWGLAANGQAGVENVLDIFAGGIGSALIGLGKTSIHELTPDDIVVPPGFRRDLGI
QRI78394.1,QRI78394.1 mycofactocin radical SAM maturase [Rhodococcus aetherivorans],MTSVLESAAVREASGPPKVGRLVDQFEKGLDAPICLTWELTYACNLSCVHCLSSSGRRDPRELTTEQCKAIIDELQRMQVFYVNIGGGEPTVRSDFWELVDYATEHQVGVKFSTNGVKIDKKVAARLAASDYVDVQISLDGATAEVNDAVRGPGSFAMAVRALENLAEAGFRDAKISVVVTRHNVDQLDEFKALADQYGATLRITRLRPSGRAVDVWDDLHPTHEQQRQLYNWLVAHGEGVLTGDSFFHLSAFGGSDGAGALPGLNLCGAGRVVCLIDPVGDVYACPFAIHDKFLAGNILSDGGFQQVWQHSELFTELRSPQTGGACSKCTFYDSCRGGCMAAKFFTGLPMDGPDPECVQGYGESALSADRTVPKSSVDHSRTGERRTPRAPVPLQLMVRPPSRACDENPLAGMQ
QRI78393.1,QRI78393.1 mycofactocin biosynthesis chaperone MftB [Rhodococcus aetherivorans],MRRVLIVSADAATTVFDAQKVDSAGFDPDTTWRLHPQVALRPEPFGALLYHFGTRKLSFLKNITIVEIVESLHQHPSVRAALAAHGIDESAARPYLRALATLADSHMIVPA
QRI78391.1,QRI78391.1 mycofactocin system transcriptional regulator [Rhodococcus aetherivorans],MRSRRKPSARIGRRPSTTREGLSAIGIELFRARGFDETSVDQIAEAAGIARRTFFRYFPSKNAVPWGDFDGHLEQMRAHLDALPGHVPLAEALTSALLDFNTFPESEAALHRDRMDLILRVPALQAYSVVMYEGWRRVIAEYVARRVGAAADDHFPRTVGYLVLGVAMAAYEQWLADDSLALPELLSAGMRALYSGLDAAVPSPDGPDASPSSKKAALQ
QRI78377.1,QRI78377.1 NDMA-dependent methanol dehydrogenase [Rhodococcus aetherivorans],MAIELNQIWDFPIKEFHPFPRALMGVGAHDIIGVEAKNLGFKRTLLMTTGLRGSGIIEELIGKIEYQGVEVVLFDKVESNPKDYNVMEAAALYQQEKCDSIISVGGGSSHDAAKGARVVIAHDGRNINEFEGFAKSTNKENPPHIAVSTTAGTGSETSWAYVITDTSDMDHPHKWVGFDEATIVTLAIDDPLLYYTCPQHFTAYCGFDVLAHGSEPFVSRLDFAPSLGNALYSIELVAKHLREATFEPRNLKAREGMMNAQYIAAQAFNSGGLGIVHSISHAVSAFFDSHHGLNNAIALPRVWEYNLPSRYEHYARIATAMGVDTRNMTTVQAADAAVEAAIRLAKDVGIPDNFGQVRVDSYEKNRMNTGKYAGRGDVIKGDEKTVRAISEHIQGDWCTPGNPREVTVESMIPVVDHCINRSY
QRI78206.1,QRI78206.1 iron-containing redox enzyme family protein [Rhodococcus aetherivorans],MPANSPTVVMQSSALPRARGPVSREVIERLARPADTAIWPIEVAGIDPYGEDAQLALTVLYELSYRGFDGVDAGWEWAPGPLTVRAGLEGLFLDRLHADVPSGNDPQRVLDDLCREPEDAWGVSHHICERGTWEQVREFFVHRSVYHLKEADPHSFAIPRLTGRAKAALVAVEFDEYGGGRADRMHSTLYFDLLAAAGLDPGYLAYLDRVPAETLATVNFMSLCGLHRAHTPKLVGLFASAEITSSPMARRMARGLERLGAPSACIHFYTEHIEADAVHEQVLRYDVVGDLVERDPRCAGDIAFGAEAMEYLEGRLAAYVLERWNDDESSLFGAGAV
QRI77875.1,QRI77875.1 maleylpyruvate isomerase family mycothiol-dependent enzyme [Rhodococcus aetherivorans],MNNLQSGVPPTYDGLADLLDSAPTETWDTPSLCATWQVRHVVAHVTMPARLTPEQFGAEMAAAGGDFTLLSNTVAARDASLPVADHLAHLRSPLLHEWQPPGGGAAGALSHAVIHSLDVTVALDRPTVAPVEAVVAVLDQLTAANGALFGVDLTDVRLEAADIDWSWGSGKVVRTDSGRLVALLSGRTLPDGRALRRG
QRI77672.1,QRI77672.1 pyridoxal-phosphate dependent enzyme [Rhodococcus aetherivorans],MTVIDSPARVGNSPLVRILTPVPNPHPGYFAKIESLGFGGLKARSALSMLAGARRRGELRDGARIVESTSGTLGVGLAYVAQPLGHPVTLVVDCELEPAMRNLLCALGATLEIVGRPHPEGGWQQARLDVLHQILAADPDAYWPNQYDNPDNAVGYHGLADEIVAGLAAQGIERAEVLVCSVGTGGHSSGVGLRLRQVWPDLRIIGVDAVGSTIFGQPAACRVMRGLGSSVHPGNVRYEMFDEVHWVGPREAVHACRSLARDGFHTGGWSTGAVATVAGWAATRWPGPVVTVFPDGPDRYLRTIFDDDWCARHGLLAPPRTHPHEIAECGDPAECWTRCESVRAPHPSARDRMETAR
QRI77018.1,QRI77018.1 maleylpyruvate isomerase family mycothiol-dependent enzyme [Rhodococcus aetherivorans],MNDDEVWAAIDSERRRTADLLGQLSDDEWAQPSLCDGWTVRDVAAHLTLQQLTVGDCVRMVLRHPGPLNSMICAAARRRAALPTDRLIADLRATIGSRRRNVGLTSLEPLSDILVHGQDIAIPLHRDLEMPVTAAAAAATRVWSFGGRGKARVFRSLPLRGYRLTATDAEWSAGEGPEIRGPISAILLLLTGRRVALPLVSGPGADELRARLPAG
QRI76601.1,QRI76601.1 formylglycine-generating enzyme family protein [Rhodococcus aetherivorans],MTWIPGGTFWMGSEEFYPEERPVHQVSVDGFWMDIHPVTVAEFRRFVKDTGHVTTAEVAPEPADYPDADPALLVPGSLVFTPPARRVPLDDYRRWWSWVPGADWRHPEGPGSSAGGREHHPVTHVSHYDALAYARWAGKELPTESEWEFAARGGLDRARFVWGDEYTPKGRYLANTWQGEFPWQNLAEDGYVGTSPVGSFRPNGYGLVDVAGNVWEWTTDYFTARHGADGRDTAPATACCIPANPRTLAPETGAEAHPLRVIKGGSHLCAPNYCLRYRPAARQGESAETSTCHIGFRCIVRGR
QRI76460.1,QRI76460.1 aminotransferase class I/II-fold pyridoxal phosphate-dependent enzyme [Rhodococcus aetherivorans],MPTQTQIGLMSHEELVAEHERQSHNYARLEAEKLTLDLTRGKPSPEQLDLSAELLSLPGVDDYRDASGTDCRNYGGLRGLPELRDIFGELLGIPTENLIAGNNASLEIMHDLVVASLLHGTVDSPRPWSQEPVVRFLCPAPGYDRHFAITESYGIEMIPVPMHDDGPDLAKIAALVGSDPQIKGMWAVPTYSNPTGAVYSERAARELASMPTAAPDFRIFWDNAYAVHPLVEEAAPALDILGMAAEAGHPNRVFVLASTSKITFAGAGVSFFGSSAENLAWYEKFLGIKTIGPDKVNQLRHLRFFGDADGVRAHMAKHRELLAPKFALVLKILEDRLGPSKVASWTEPKGGYFISLDVVEGTAKRVISLAKNAGIALTAAGSAFPYKNDPEDKNIRLAPSFPSLNELATAMDGVATCVLLAATEKALGK
QRI76424.1,QRI76424.1 iron-containing redox enzyme family protein [Rhodococcus aetherivorans],MTELLGRDEFRAALENAIKGREAKDASFSKAWAEGKLEKHHFARWAENHYHYVGPFADYLANIYSNTPDTFTDAKDFTLQNMYEEELADIRHTDLLIKFAEACGTTRERVEDPNNMNAVTRGLQAWCYAVSQREHFVVATAALVVGLESQVPSIYKKQIVPLREVYGFTEDEIEFFDLHITSDVVHGERGYQIVLDCADTPQLQQRCLQLVRWGAEMRFSYTKGLYDTYVAPDLELAPA
QRI76309.1,QRI76309.1 maleylpyruvate isomerase family mycothiol-dependent enzyme [Rhodococcus aetherivorans],MDRASYPALLRADTERLLAAGEGRLDRPVPTCPRWSVERLLGHVGRVHRNAAGWLRAGGRTEIPPAPAGAAVVAWVRDGLEELTEAVQSADPHVDEQTFAGPQPASFWVRRMAVETALHRIDAELAAGEGTTPVDTALAVEGIDELFGVLLPFRALGGAGALGGAGSAGSPAGSGKTMHLHATDPALAAGEGEWLITFDADEPSVVHSHAEGDVAVRGPASDLLLLLWNRASLDRFDVFGDAALLTRWRDEVTI
QRI76251.1,QRI76251.1 aminotransferase class V-fold PLP-dependent enzyme [Rhodococcus aetherivorans],MTAAVLTADTCIAPFARVTGCDLQVPLVQGGTCTYANFDYAASAPALEAVTERIAELLPYYASVHRGAGYASRISTSSYEQARESVARFVCAADDQVVVFTRNTTDSLNLLAGAVPGDVVVLDVEHHANLLPWKNARVVEAADTVAETVRRLVAELCSKPAALLAVTGASNVTGEVLPIAELADVAHACGARILVDGAQLVPHRRIDLTALGVDYLAFSGHKLYAPFGAGALVGRRDWLDVAEPYLAGGGAVREVRLGHTEWACAPARHEAGTPNVLGVAALAAACDALAGFDADAVAEHEEALCRRLLGGLRDLDGVEILRLWSDSPDSVGIVTFTVSGFEPGEVASYLSAEHGIGVRDGRFCAHPLLARVGLPGGAVRASLGLGSSSADVDRLLDALRGLVDAGPGWTYAKTDGLWGPSPETRPGLVESTAGAAQCS
QRI75878.1,QRI75878.1 aminotransferase class I/II-fold pyridoxal phosphate-dependent enzyme [Rhodococcus aetherivorans],MTGLPPASEARYPGFDDIEIGDLVRRTGVKWARAVRAGALPAWVADMDFPIAPEIRDALCESARSGELGYPDWLGGTPLRAEFARRMQSRYGWTVDPADVREQTDLIQALQLILHLHTERGDAVVIQTPNYPPFLATIAAMGRRTVEFPFADTQDGWRLDFETLRASLAAERPKVLVLVDPHNPTGRVHTRSELTRIAELAVEFDLLVVSDEIHAELIYAPHRHIPFASISPEAAARTITVTSAGKAFNIAGLRCAVAHYGSKQLLAVRDGEPPDLYGTVSTPAVLGTLAAWQRCQRWQDTLLRVLDRNRRRVDTVLREHLPEARHHLPEATYLSWVDVSAFPVDDPIRRIRDLGRVLVDGDRPFGSAAAGFVRINFATSAAVLEHILDGISAAMRGRRAVSPLTEFLGT
QRI75463.1,QRI75463.1 aminotransferase class V-fold PLP-dependent enzyme [Rhodococcus aetherivorans],MLDLQRARRDTPGCFDRVFLDSAGSSLPPTPVLETTVAHLRREAEVGGYVAAAERAGDLAAVKTSIARLIGAEASSIALVESATRAWASFFYSVPLGEGDRILLTRSEYASNAVSALQRARATGATVETMPTDALGRIDVDALGRTLDERVKLVSVVHAPTNGGLVNPVREVADAAHEVGALVLLDACQSVGQLPVSVPEFDVDALSATGRKWLRGPRGTGFLYVRPRLITELEPAVLDLHSAQWTAPDEYRVADDATRFELWETNVAARLGLGAAVDYLLDFGVDAVTEAVAYRAEHLRDGLGRIPGVAVRDLGKEHSGIVSFTVDGWDPAHLREALAAEAITVTVSGRGSTLLEMSARRLESVVRASPHYFVSPADVDRFLAAVRSLTRS
QRI75223.1,QRI75223.1 NADP-dependent malic enzyme [Rhodococcus aetherivorans],MSIVSDAPTPRKVELTDEEIFSSHIDGKLSVELTAPLETQRDLSIAYTPGVAQVSRAIAADETLADRYTWTNRLVVVVSDGSAVLGLGDIGPRASLPVMEGKSALFKKFAGLNSIPLVLDTKDPDEIVETLIRLRPSFGAVNLEDISAPRCFEIERRVIEALDCPVMHDDQHGTAIVALAALKGAAKVQGRELAGLRIVISGAGAAGVAVANILLAAGAADVTVLDSKGIVSAERTDLNEVKVDLAARTNPAGRHGGLIEALDGADVFIGVSAGTVPEEIVARMADGAIVFALSNPDPEIHPEVAAKHAAIVATGRSDFPNQINNVLAFPGVFKGALDAGARRITEGMKLAAAEAILSVVGDELAVDKIVPSPLDPRVAPAVAEAVAAAARAEGVTD
QRI75196.1,QRI75196.1 TrpB-like pyridoxal phosphate-dependent enzyme [Rhodococcus aetherivorans],MSELVSIPTHWYNIAGDLPDAPPPHLHPGTREPVTAADLEPLFAAGLIEQELSTETDIAIPEPVREAYATYRTTPLLRARSFERALGTPARIYVKYEGVSPVGSHKTNSALAQAYYNSLDGVKKLTTETGAGQWGSALSFACAKFGIDLEVWQVRASYESKPYRRHLIEVYGGTVHSSPSELTASGRKVRAEQPDTPGSLGIAVSEAVEVAAGDPAARYALGSVLNHVVLHQTVIGLEAVAQLRAAGEEQADVVFGCAGGGSNLAGLSFPFLRDVLHGRATTRVVAAEPAACPSITQGEYRYDHGDIVGLTPLLKMHTLGQDFIPDPIHAGGLRYHGMAPLLSHTVELGYVQGTAVAQTDAFAAAVEFARSEGIVPAPESAHALAAAAEYARTVTGPEVIVIGLSGHGQLDLPAYAAYLHGELG
QRI75136.1,QRI75136.1 maleylpyruvate isomerase family mycothiol-dependent enzyme [Rhodococcus aetherivorans],MGFNDLDLSERLLIARRGTAYFSQRLAELTDDELDAPTALEGWTRKHLVAHVGYNAAALCRLMDWAATGVETPMYASTEQRGQEIAEGATLNAAALRNLFTHTVARLDEKWRHLPESAWQAQVRTAQGRLVPAEETAWMRTREVWIHAVDLGNGARFGDFPPVVLDSLLDDIVGMWRKKDLGAGLVLEVDGRDPIAVRQDADPVTKVSGPLAAVVRWAAGRGAVGLTAGADVQPPRWL
QRI74982.1,QRI74982.1 maleylpyruvate isomerase family mycothiol-dependent enzyme [Rhodococcus aetherivorans],MTHGKTHGNTTTGGTTGPDTDAAPEFPVEPIRALLLEQFGVIDELLADVHGDTWYTPTSLPGWTVKDITAHLIGTESMLAGIEAPHVEIDVHALGHVRNEIGAFNERWIESLRGTPGDEVLARYREIVARRREQLGAMTQKDFDEPAMTPVGQATYGRFMRIRVFDCWMHELDLRDALGVPGDEGGARAELAAAEIFGALAYVVGKRGKAPDGARITFELSGPLARTLHVEVDGRAAVVPALSGPATSTVAMDSRLFVRLAGGRTHAFDRLDEITLGGDTTVGRRIVDHLAFTI
QRI74038.1,QRI74038.1 aminotransferase class I/II-fold pyridoxal phosphate-dependent enzyme [Rhodococcus aetherivorans],MTGEIAEATTPSAGSGVTRPMPHFELGLSENPFPPLPSVLAALYEQMARANRYPEFLPQRLPRIIADRVGVDPEQVAVGSGATGVAMQIMQAVLRSGETMVFANPTFDGYPIMADMLGVEAVAVPLDHGGRQDLCAMGEAVDDRTGLVVVCRPHNPTGTLVSAADLEVFLSSIPPQVVVILDEAYVEFIDAADAVDVLGLIRRYPNILVLRTFSKAFGLAGLRIGYVFGGRELVARVRRRQLPFGMSCAAVAAVTASYAAEDELRDRVARITAERELLWVALRQNGVHVPRSHANFLYLNGSRIAPALQRAGIVAKPYADGSARIAVGDPAAGRAVLRALQAI
QRI74020.1,QRI74020.1 YggS family pyridoxal phosphate-dependent enzyme [Rhodococcus aetherivorans],MSAADPGARRAEIADGLRRARERLDAAARAAGRDPAEIALLPVTKFFPVSDVEILYGLGCRAFGESREQEAAAKVAEFRSRTTDPAVAWHMIGRLQRNKARAVARWAHTVHSVDSVRLAHALDAGAQAAQESGDRETPVRVLLQVSLDDDPQRGGVSAADLPALADEVAAAGGLELRGLMAVPPLGWDPDAAFERLAGLHSGLRSDHPEATELSAGMSGDLEAAVRWGSTCVRVGTAVLGSRPLA
QRI66681.1,QRI66681.1 mandelate racemase/muconate lactonizing enzyme family protein (plasmid) [Shinella sp. PSBB067],MRIHLYRSLLTYAGLTVHTASSGPVPGLDTLYLELDDGRHRGVGEVRINCTYLNGYEPEDLLRRTRAAIAGFDWQAPPDAVRAAVAASPLPAPVRMLFDIALWDLDARRAGLPLAHLLAGEARTLSHPTNQTLFLSTDEAFDRQVALYLSRGFRDLKLRVGQDIEADCARHARIRAAHGETVKLAADANGAWTAADAPERLAALSRFGLAYVEQPIAAGDWDAMTRLAAGAPMPVMLDESLASGADVETLVARAPSAAGRLQGHLKLIKLGGLTPALAAARSLAAAGIPFMIGQMNEGGVATAAALHLAVATRPLHAELYGADGLVNDPAEGLTYADGKVAVRHEPGLGLNFRAPSAPLSLGE
QRI66512.1,QRI66512.1 aminotransferase class III-fold pyridoxal phosphate-dependent enzyme (plasmid) [Shinella sp. PSBB067],MNDMLKTTPDFSIDTAAALLAEHYGLKGTLSPLSSERDQNFKVESPEGTFILKIVNAAEPEVESDFQTALLAHVGAHASGLPVPHIRPTLAGASLARATSPGAGHRVRLVSWVHGQPLAETQRSDAALVSLGRMLGRFDAALKGFMHPGALRDLDWDIRRAGRSADRLHHVTASEDRALLERFLARFCAIEPRLATLRAAVIHNDANDWNVLVDNADPDRISGLIDFGDALHAPVVAEVAIAAAYAGLDHADPIGAAAAIVAGYHAEYPLMKEEVDLLYDLIAIRLVASVTISASRRAHTGDNPYLAISERPAWTLLRKLDRMNPRFATAILRKACGFEAAPGARAVMDWIAANRKSLAPLLDRPAATYPAALVPYGDPAHPMTVMSAAGQPDAAQAVWEDHCRENGVELGIGPWGEERTVYAGEMFVSRFIEKARRTRHLGLDLFMAAGTKVFTPLAATVASVEIEKDPLGYGCLIALRHEPEGCPPFISLWGHLAHEAMGRLKAGDRLEAGVLVGEMGAPSENGGWAPHLHLQLSTDTALSATEILGVGEPRYLDVWAELFPDARGFGGIAQEFQAREGRPHDEIVRLRRELLLPNLSISYDRPIKFVRGEGVWLIDDSGRAYLDCFNNVCHIGHAHPAVVEAMARQAATLNTNTRYLHDNIVAYAERLTGTLPKELTVAGFVNSGSEANTLALRLMRAHTGRENAITLDWSYHGTTQELIDISPYKFRRKGGQGQKPHVHVATVPDSYRAPADWPAEEHGRRFAESVAELIAAMQARGEAPGFFIAESIPSVAGQVFLPEGYLKEVYRMVRAAGGLCIADEVQVGFGRVGSHWWAFETQGVVPDIVTMGKPIGDGHPLAAVVTTREVTDSFDNGMEYFNTFGGNPVSCAVGLAVLDVIEGEDLRGNALAIGTYLMDAFRDMQERHAVIGDVRGLGLFLGIELVRDRASKAPATDFARAVANGARRRGVLMGTEGPHDNVLKLRPPMIFSRRDADHLIAVLQETFADVERTLG
QRI66492.1,QRI66492.1 mandelate racemase/muconate lactonizing enzyme family protein (plasmid) [Shinella sp. PSBB067],MTAIALIESIAIAYPDPNDFGTVRRTVLVRVETTDGIVGWGESIAMWPEACRAVALIVSEGLYPLLKGEAVDTAACWQKMRRHCWWYGEGGIASLAIAGIDMALWDIAGKMAGKPVHELLGGCRHERLPANASAHVNKKGEAACVAEVEGFFAAGFRSTKLGFAKKGESDIGGDPDRDVGFVRALRAALGPDAGILIDIGNGVRWDVETAISVGNRLQELGVDWYEEPLYPTDDDGYRRLRQATTIRIASGEREFTEAGYRRQMEFIGAIDVYGIDPARVEGITGFAKVDALASRYGKKVNAHAWSTAITTAASLHLSFASPNAEIFELKPFPVVVQDELVAEKIWHADGWMRPLSAPGLGIEVREDVVRGLAA
QRI66304.1,QRI66304.1 mandelate racemase/muconate lactonizing enzyme family protein (plasmid) [Shinella sp. PSBB067],MKIVDVKAWALSVPVEDGITFGIGKVLRRDTVVVRVETESGIVGYGESHHGRAASSVADIVNNLLRYFVVGMDASDVTGVWARIYEMQLRSHGMGAGTSIAMSGIDQALWDIRGKAVGWPLYKLLGGSRRGIPAYAGGVSLGWSEPDALCQEVGAALALGYKAVKLRGGDAPRRDIQRVEAVRKAFGDDLVIMVDANTAYSLADALAVLPAFEALNVEWLEEPFAPHDHRSYAQADRSRIPLAAGENHYTRFEFHRLIEDAHVRILQPDLSKAGGITEVLRIAALGSAWKLPLCPHTATTGINMAVTIHVLAAVENAGWFEGDISTPNPFRDQLVSTPYVVAKDGTVSPLDRPGIGVEVDEDFIRAHPFIEGPAYAPGPARMVR
